IncidntNum,Category,Descript,DayOfWeek,Date,Time,PdDistrict,Resolution,Address,X,Y,Location
140823895,ROBBERY,ROBBERY ON THE STREET WITH A GUN,Tuesday,09/30/2014,10:10,SOUTHERN,JUVENILE BOOKED,800.0 Block of BRYANT ST,-122.403742962696,37.7752316978411,"(37.7752316978411, -122.403742962696)"
146203863,LARCENY/THEFT,GRAND THEFT FROM UNLOCKED AUTO,Tuesday,09/30/2014,17:00,INGLESIDE,NONE,300.0 Block of COLERIDGE ST,-122.421199272661,37.7411754795167,"(37.7411754795167, -122.421199272661)"
140826203,MISSING PERSON,MISSING JUVENILE,Tuesday,09/30/2014,16:00,INGLESIDE,NONE,0.0 Block of TINGLEY ST,-122.433065267695,37.7287332789538,"(37.7287332789538, -122.433065267695)"
140826479,VEHICLE THEFT,STOLEN AUTOMOBILE,Tuesday,09/30/2014,19:00,INGLESIDE,NONE,700.0 Block of EDINBURGH ST,-122.434476440939,37.7180277754142,"(37.7180277754142, -122.434476440939)"
140824257,SUSPICIOUS OCC,SUSPICIOUS OCCURRENCE,Tuesday,09/30/2014,12:59,NORTHERN,PSYCHOPATHIC CASE,2100.0 Block of SACRAMENTO ST,-122.428583230174,37.7904127771735,"(37.7904127771735, -122.428583230174)"
140823384,DRUG/NARCOTIC,POSSESSION OF NARCOTICS PARAPHERNALIA,Tuesday,09/30/2014,08:50,BAYVIEW,"ARREST, CITED",3RD ST / LASALLE AV,-122.389865610332,37.7371699446499,"(37.7371699446499, -122.389865610332)"
140823083,FRAUD,FRAUDULENT USE OF AUTOMATED TELLER CARD,Tuesday,09/30/2014,04:13,MISSION,"ARREST, BOOKED",2000.0 Block of MARKET ST,-122.426893114012,37.7691618402243,"(37.7691618402243, -122.426893114012)"
140825211,LARCENY/THEFT,PETTY THEFT FROM A BUILDING,Tuesday,09/30/2014,14:10,NORTHERN,NONE,1500.0 Block of BUCHANAN ST,-122.429455718052,37.7839811268754,"(37.7839811268754, -122.429455718052)"
140825578,LARCENY/THEFT,ATTEMPTED THEFT FROM LOCKED VEHICLE,Tuesday,09/30/2014,19:45,MISSION,NONE,POTRERO AV / 16TH ST,-122.407538332319,37.7657827544572,"(37.7657827544572, -122.407538332319)"
140822994,NON-CRIMINAL,"AIDED CASE, MENTAL DISTURBED",Tuesday,09/30/2014,00:35,PARK,PSYCHOPATHIC CASE,1800.0 Block of WALLER ST,-122.454877622403,37.7681470009609,"(37.7681470009609, -122.454877622403)"
140826946,VANDALISM,"MALICIOUS MISCHIEF, VANDALISM OF VEHICLES",Tuesday,09/30/2014,18:00,TENDERLOIN,NONE,LEAVENWORTH ST / MCALLISTER ST,-122.413679376888,37.7809258337149,"(37.7809258337149, -122.413679376888)"
140823641,WARRANTS,ENROUTE TO DEPARTMENT OF CORRECTIONS,Tuesday,09/30/2014,09:37,SOUTHERN,"ARREST, BOOKED",1000.0 Block of MARKET ST,-122.411550531507,37.7812886524764,"(37.7812886524764, -122.411550531507)"
140830828,VEHICLE THEFT,STOLEN AUTOMOBILE,Tuesday,09/30/2014,10:30,PARK,NONE,OAK ST / MASONIC AV,-122.445717668922,37.7720809772689,"(37.7720809772689, -122.445717668922)"
140823174,VANDALISM,"MALICIOUS MISCHIEF, VANDALISM OF VEHICLES",Tuesday,09/30/2014,06:30,TENDERLOIN,NONE,400.0 Block of JONES ST,-122.412888359407,37.785168321727,"(37.785168321727, -122.412888359407)"
140837620,NON-CRIMINAL,LOST PROPERTY,Tuesday,09/30/2014,06:45,INGLESIDE,NONE,MISSION ST / ONONDAGA AV,-122.437461502349,37.7211650807711,"(37.7211650807711, -122.437461502349)"
140836860,VEHICLE THEFT,STOLEN AUTOMOBILE,Tuesday,09/30/2014,17:30,MISSION,NONE,100.0 Block of CASELLI AV,-122.442294897067,37.7597249889429,"(37.7597249889429, -122.442294897067)"
146204190,LARCENY/THEFT,GRAND THEFT OF PROPERTY,Tuesday,09/30/2014,21:15,SOUTHERN,NONE,300.0 Block of 2ND ST,-122.396724937967,37.7855096562344,"(37.7855096562344, -122.396724937967)"
140823867,NON-CRIMINAL,"AIDED CASE, MENTAL DISTURBED",Tuesday,09/30/2014,09:35,CENTRAL,PSYCHOPATHIC CASE,POWELL ST / JEFFERSON ST,-122.412527239682,37.8086250595764,"(37.8086250595764, -122.412527239682)"
140826269,ASSAULT,AGGRAVATED ASSAULT WITH A DEADLY WEAPON,Tuesday,09/30/2014,23:00,BAYVIEW,NONE,BAY SHORE BL / VISITACION AV,-122.404226078396,37.7104088782697,"(37.7104088782697, -122.404226078396)"
140823390,OTHER OFFENSES,"DRIVERS LICENSE, SUSPENDED OR REVOKED",Tuesday,09/30/2014,09:07,SOUTHERN,"ARREST, CITED",FOLSOM ST / 7TH ST,-122.407844136792,37.7767462195685,"(37.7767462195685, -122.407844136792)"
140823992,MISSING PERSON,MISSING ADULT,Tuesday,09/30/2014,10:50,NORTHERN,NONE,1500.0 Block of SUTTER ST,-122.425881580664,37.787058630919,"(37.787058630919, -122.425881580664)"
140823732,OTHER OFFENSES,PROBATION VIOLATION,Tuesday,09/30/2014,09:48,TENDERLOIN,"ARREST, BOOKED",LEAVENWORTH ST / TURK ST,-122.414056291891,37.7827931071303,"(37.7827931071303, -122.414056291891)"
146207166,LARCENY/THEFT,GRAND THEFT FROM LOCKED AUTO,Tuesday,09/30/2014,20:00,NORTHERN,NONE,CHESTNUT ST / VANNESS AV,-122.424733311866,37.8022789218414,"(37.8022789218414, -122.424733311866)"
140823942,OTHER OFFENSES,RESISTING ARREST,Tuesday,09/30/2014,11:28,MISSION,"ARREST, CITED",18TH ST / NOE ST,-122.432795347224,37.761020169738,"(37.761020169738, -122.432795347224)"
149012126,FRAUD,FALSE ID TO PEACE OFFICER,Tuesday,09/30/2014,18:59,TARAVAL,NONE,500.0 Block of BUCKINGHAM WY,-122.478371487132,37.7300878473991,"(37.7300878473991, -122.478371487132)"
140823798,OTHER OFFENSES,PAROLE VIOLATION,Tuesday,09/30/2014,11:00,CENTRAL,"ARREST, BOOKED",500.0 Block of GEARY ST,-122.411537983271,37.7869723412596,"(37.7869723412596, -122.411537983271)"
140823180,OTHER OFFENSES,"DRIVERS LICENSE, SUSPENDED OR REVOKED",Tuesday,09/30/2014,07:35,CENTRAL,"ARREST, CITED",LEAVENWORTH ST / GEARY ST,-122.414809966357,37.7865194111911,"(37.7865194111911, -122.414809966357)"
140824859,WARRANTS,ENROUTE TO OUTSIDE JURISDICTION,Tuesday,09/30/2014,16:30,SOUTHERN,"ARREST, BOOKED",900.0 Block of MARKET ST,-122.408970177724,37.7833220860719,"(37.7833220860719, -122.408970177724)"
140826708,ASSAULT,BATTERY,Tuesday,09/30/2014,11:05,MISSION,"ARREST, CITED",CAPP ST / 20TH ST,-122.41796448376,37.7586968166786,"(37.7586968166786, -122.41796448376)"
140823986,ASSAULT,BATTERY,Tuesday,09/30/2014,11:30,INGLESIDE,NONE,100.0 Block of GATES ST,-122.414010649162,37.7409381076735,"(37.7409381076735, -122.414010649162)"
140824025,OTHER OFFENSES,"DRIVERS LICENSE, SUSPENDED OR REVOKED",Tuesday,09/30/2014,11:57,INGLESIDE,"ARREST, CITED",LELAND AV / DELTA ST,-122.409489340425,37.7131282924831,"(37.7131282924831, -122.409489340425)"
140825954,WARRANTS,ENROUTE TO OUTSIDE JURISDICTION,Tuesday,09/30/2014,23:07,PARK,"ARREST, BOOKED",400.0 Block of DIVISADERO ST,-122.437512159812,37.7733614274019,"(37.7733614274019, -122.437512159812)"
140825625,OTHER OFFENSES,TRAFFIC VIOLATION,Tuesday,09/30/2014,20:12,SOUTHERN,"ARREST, CITED",MARKET ST / 6TH ST,-122.41029351969,37.7822305870333,"(37.7822305870333, -122.41029351969)"
146202401,LARCENY/THEFT,GRAND THEFT FROM LOCKED AUTO,Tuesday,09/30/2014,19:00,NORTHERN,NONE,FILLMORE ST / HAIGHT ST,-122.430436523474,37.7721069661966,"(37.7721069661966, -122.430436523474)"
140824871,OTHER OFFENSES,"DRIVERS LICENSE, SUSPENDED OR REVOKED",Tuesday,09/30/2014,04:45,NORTHERN,"ARREST, CITED",BROADWAY ST / VANNESS AV,-122.423413057205,37.7957371092757,"(37.7957371092757, -122.423413057205)"
140824752,DRUG/NARCOTIC,POSSESSION OF BASE/ROCK COCAINE,Tuesday,09/30/2014,16:14,TENDERLOIN,"ARREST, BOOKED",EDDY ST / MASON ST,-122.409313111431,37.7843478513448,"(37.7843478513448, -122.409313111431)"
140834585,RUNAWAY,RUNAWAY,Tuesday,09/30/2014,07:15,NORTHERN,LOCATED,1600.0 Block of WEBSTER ST,-122.431589444896,37.7857768978213,"(37.7857768978213, -122.431589444896)"
140827182,VEHICLE THEFT,STOLEN AUTOMOBILE,Tuesday,09/30/2014,22:00,TARAVAL,NONE,1800.0 Block of QUINTARA ST,-122.484693119652,37.7483749712637,"(37.7483749712637, -122.484693119652)"
140824520,ROBBERY,"ROBBERY, BODILY FORCE",Tuesday,09/30/2014,14:00,SOUTHERN,NONE,0.0 Block of UNITEDNATIONS PZ,-122.414965642852,37.7798171172036,"(37.7798171172036, -122.414965642852)"
140824837,VEHICLE THEFT,STOLEN TRUCK,Tuesday,09/30/2014,15:00,RICHMOND,UNFOUNDED,24TH AV / ANZA ST,-122.483525612612,37.7782138621321,"(37.7782138621321, -122.483525612612)"
140826667,MISSING PERSON,FOUND PERSON,Tuesday,09/30/2014,15:00,BAYVIEW,LOCATED,300.0 Block of BRIDGEVIEW DR,-122.398845629456,37.7323089114211,"(37.7323089114211, -122.398845629456)"
140825368,TRESPASS,TRESPASSING,Tuesday,09/30/2014,17:55,MISSION,NONE,100.0 Block of EUREKA ST,-122.438096510491,37.7593717936459,"(37.7593717936459, -122.438096510491)"
140824401,SUSPICIOUS OCC,SUSPICIOUS OCCURRENCE,Tuesday,09/30/2014,12:16,TENDERLOIN,NONE,500.0 Block of LEAVENWORTH ST,-122.414580884071,37.7856024384456,"(37.7856024384456, -122.414580884071)"
146203459,LARCENY/THEFT,GRAND THEFT FROM LOCKED AUTO,Tuesday,09/30/2014,21:00,SOUTHERN,NONE,MCCOPPIN ST / JESSIE ST,-122.421113134261,37.7716796786563,"(37.7716796786563, -122.421113134261)"
140826253,BURGLARY,SAFE BURGLARY OF A HOTEL,Tuesday,09/30/2014,10:00,NORTHERN,NONE,1400.0 Block of LOMBARD ST,-122.425385696673,37.8012311436573,"(37.8012311436573, -122.425385696673)"
140834585,MISSING PERSON,MISSING JUVENILE,Tuesday,09/30/2014,07:15,NORTHERN,LOCATED,1600.0 Block of WEBSTER ST,-122.431589444896,37.7857768978213,"(37.7857768978213, -122.431589444896)"
146206629,LARCENY/THEFT,PETTY THEFT OF PROPERTY,Tuesday,09/30/2014,13:50,TENDERLOIN,NONE,GEARY ST / STOCKTON ST,-122.406592269796,37.7875673013351,"(37.7875673013351, -122.406592269796)"
146202473,LARCENY/THEFT,GRAND THEFT FROM LOCKED AUTO,Tuesday,09/30/2014,17:00,CENTRAL,NONE,900.0 Block of CHESTNUT ST,-122.418717648474,37.8030968732276,"(37.8030968732276, -122.418717648474)"
140825493,NON-CRIMINAL,AIDED CASE,Tuesday,09/30/2014,18:44,RICHMOND,PSYCHOPATHIC CASE,300.0 Block of 30TH AV,-122.490280739358,37.7830593436872,"(37.7830593436872, -122.490280739358)"
140825330,MISSING PERSON,FOUND PERSON,Tuesday,09/30/2014,17:00,RICHMOND,NONE,1700.0 Block of BAKER ST,-122.443461690538,37.7868819675394,"(37.7868819675394, -122.443461690538)"
140828221,OTHER OFFENSES,MISCELLANEOUS INVESTIGATION,Tuesday,09/30/2014,15:30,BAYVIEW,NONE,6500.0 Block of 3RD ST,-122.397049727461,37.7194234524375,"(37.7194234524375, -122.397049727461)"
140826015,WARRANTS,WARRANT ARREST,Tuesday,09/30/2014,23:30,MISSION,"ARREST, BOOKED",400.0 Block of CASTRO ST,-122.434970957937,37.7609881772891,"(37.7609881772891, -122.434970957937)"
140824655,LARCENY/THEFT,PETTY THEFT FROM LOCKED AUTO,Tuesday,09/30/2014,01:30,SOUTHERN,NONE,9TH ST / MISSION ST,-122.414714295579,37.7762310405055,"(37.7762310405055, -122.414714295579)"
140830248,VEHICLE THEFT,STOLEN AUTOMOBILE,Tuesday,09/30/2014,13:00,INGLESIDE,NONE,OGDEN AV / ANDERSON ST,-122.415448681024,37.7360014188998,"(37.7360014188998, -122.415448681024)"
140833026,LARCENY/THEFT,PETTY THEFT FROM A BUILDING,Tuesday,09/30/2014,10:00,MISSION,NONE,1000.0 Block of FLORIDA ST,-122.410303817405,37.7547437827976,"(37.7547437827976, -122.410303817405)"
140828588,LARCENY/THEFT,PETTY THEFT FROM A BUILDING,Tuesday,09/30/2014,17:45,TARAVAL,NONE,300.0 Block of EUCALYPTUS DR,-122.476268967603,37.7310731174748,"(37.7310731174748, -122.476268967603)"
140823055,ROBBERY,"ROBBERY, ARMED WITH A GUN",Tuesday,09/30/2014,01:48,BAYVIEW,NONE,REVERE AV / SELBY ST,-122.401373325947,37.7380247131615,"(37.7380247131615, -122.401373325947)"
140824592,OTHER OFFENSES,RESISTING ARREST,Tuesday,09/30/2014,15:18,SOUTHERN,"ARREST, CITED",4TH ST / MISSION ST,-122.404270179486,37.7844788539041,"(37.7844788539041, -122.404270179486)"
140823497,WARRANTS,WARRANT ARREST,Tuesday,09/30/2014,09:18,PARK,"ARREST, BOOKED",1800.0 Block of HAIGHT ST,-122.452622752318,37.7693006985471,"(37.7693006985471, -122.452622752318)"
146204639,LARCENY/THEFT,GRAND THEFT FROM LOCKED AUTO,Tuesday,09/30/2014,19:34,CENTRAL,NONE,BROADWAY ST / FRONT ST,-122.399875723567,37.7987292250849,"(37.7987292250849, -122.399875723567)"
140827154,LARCENY/THEFT,GRAND THEFT FROM LOCKED AUTO,Tuesday,09/30/2014,22:30,SOUTHERN,NONE,0.0 Block of BAYSIDEVILLAGE PL,-122.390266679989,37.7840629965943,"(37.7840629965943, -122.390266679989)"
140826112,MISSING PERSON,MISSING ADULT,Tuesday,09/30/2014,14:00,INGLESIDE,LOCATED,200.0 Block of EDINBURGH ST,-122.428857622836,37.7253360178977,"(37.7253360178977, -122.428857622836)"
140825788,LARCENY/THEFT,GRAND THEFT OF PROPERTY,Tuesday,09/30/2014,13:00,SOUTHERN,NONE,1300.0 Block of MISSION ST,-122.415934549597,37.7753009295097,"(37.7753009295097, -122.415934549597)"
140826093,ASSAULT,AGGRAVATED ASSAULT WITH A GUN,Tuesday,09/30/2014,23:45,MISSION,NONE,2700.0 Block of 24TH ST,-122.406358141342,37.7530360281002,"(37.7530360281002, -122.406358141342)"
140824906,NON-CRIMINAL,FOUND PROPERTY,Tuesday,09/30/2014,16:00,RICHMOND,NONE,500.0 Block of JOHNFKENNEDY DR,-122.465838183623,37.7724965522563,"(37.7724965522563, -122.465838183623)"
140824188,OTHER OFFENSES,MISCELLANEOUS INVESTIGATION,Tuesday,09/30/2014,12:00,INGLESIDE,NONE,SICKLES AV / SEARS ST,-122.453886810706,37.7096779295432,"(37.7096779295432, -122.453886810706)"
140823732,WARRANTS,WARRANT ARREST,Tuesday,09/30/2014,09:48,TENDERLOIN,"ARREST, BOOKED",LEAVENWORTH ST / TURK ST,-122.414056291891,37.7827931071303,"(37.7827931071303, -122.414056291891)"
140824489,LARCENY/THEFT,GRAND THEFT OF PROPERTY,Tuesday,09/30/2014,13:50,INGLESIDE,NONE,TERESITA BL / AGUA WY,-122.450643456498,37.7422227044631,"(37.7422227044631, -122.450643456498)"
140823970,OTHER OFFENSES,TRAFFIC VIOLATION ARREST,Tuesday,09/30/2014,11:44,SOUTHERN,JUVENILE CITED,800.0 Block of BRYANT ST,-122.403742962696,37.7752316978411,"(37.7752316978411, -122.403742962696)"
146202699,LARCENY/THEFT,GRAND THEFT OF PROPERTY,Tuesday,09/30/2014,19:30,NORTHERN,NONE,VANNESS AV / GROVE ST,-122.419884939457,37.7782510832708,"(37.7782510832708, -122.419884939457)"
140825794,LARCENY/THEFT,GRAND THEFT FROM LOCKED AUTO,Tuesday,09/30/2014,21:00,MISSION,NONE,2300.0 Block of 16TH ST,-122.409216071434,37.7657158874944,"(37.7657158874944, -122.409216071434)"
140822950,OTHER OFFENSES,TRAFFIC VIOLATION,Tuesday,09/30/2014,00:45,PARK,"ARREST, CITED",MARTIN LUTHER KING JR DR / KEZAR DR,-122.458638758608,37.7671999403752,"(37.7671999403752, -122.458638758608)"
140822916,OTHER OFFENSES,"DRIVERS LICENSE, SUSPENDED OR REVOKED",Tuesday,09/30/2014,00:16,MISSION,"ARREST, CITED",CAPP ST / 19TH ST,-122.41812008649,37.7603012340694,"(37.7603012340694, -122.41812008649)"
140823237,TRESPASS,TRESPASSING,Tuesday,09/30/2014,08:14,TENDERLOIN,"ARREST, CITED",200.0 Block of EDDY ST,-122.411750868013,37.7841504566595,"(37.7841504566595, -122.411750868013)"
140823516,LARCENY/THEFT,GRAND THEFT FROM PERSON,Tuesday,09/30/2014,09:00,INGLESIDE,NONE,0.0 Block of OSHAUGHNESSY BL,-122.451027151854,37.7450092516478,"(37.7450092516478, -122.451027151854)"
140824047,WARRANTS,ENROUTE TO OUTSIDE JURISDICTION,Tuesday,09/30/2014,11:20,BAYVIEW,"ARREST, BOOKED",300.0 Block of TOCOLOMA AV,-122.39823420609,37.7109441026048,"(37.7109441026048, -122.39823420609)"
140827057,LARCENY/THEFT,GRAND THEFT PICKPOCKET,Tuesday,09/30/2014,16:20,SOUTHERN,NONE,MARKET ST / KEARNY ST,-122.403434086745,37.7876430502097,"(37.7876430502097, -122.403434086745)"
140824508,LARCENY/THEFT,GRAND THEFT SHOPLIFTING,Tuesday,09/30/2014,12:50,NORTHERN,NONE,1800.0 Block of POLK ST,-122.421397316259,37.7933857301748,"(37.7933857301748, -122.421397316259)"
140824150,OTHER OFFENSES,FALSE REPORT OF BOMB,Tuesday,09/30/2014,11:48,MISSION,NONE,1000.0 Block of YORK ST,-122.408462344262,37.755235153697,"(37.755235153697, -122.408462344262)"
140823083,BURGLARY,"BURGLARY OF STORE, UNLAWFUL ENTRY",Tuesday,09/30/2014,04:13,MISSION,"ARREST, BOOKED",2000.0 Block of MARKET ST,-122.426893114012,37.7691618402243,"(37.7691618402243, -122.426893114012)"
140824940,OTHER OFFENSES,TRAFFIC VIOLATION,Tuesday,09/30/2014,16:50,PARK,"ARREST, CITED",700.0 Block of STANYAN ST,-122.453381111208,37.7685998900061,"(37.7685998900061, -122.453381111208)"
140833991,LARCENY/THEFT,PETTY THEFT FROM A BUILDING,Tuesday,09/30/2014,10:00,TENDERLOIN,NONE,100.0 Block of MASON ST,-122.409376061627,37.7844493077248,"(37.7844493077248, -122.409376061627)"
140825590,DISORDERLY CONDUCT,"DISTURBING THE PEACE, FIGHTING",Tuesday,09/30/2014,19:37,INGLESIDE,NONE,5100.0 Block of MISSION ST,-122.441508895249,37.7157481419251,"(37.7157481419251, -122.441508895249)"
140825772,VANDALISM,"MALICIOUS MISCHIEF, VANDALISM OF VEHICLES",Tuesday,09/30/2014,21:00,TENDERLOIN,NONE,100.0 Block of OFARRELL ST,-122.406775763713,37.7865337577236,"(37.7865337577236, -122.406775763713)"
140824360,DRUG/NARCOTIC,POSSESSION OF HEROIN,Tuesday,09/30/2014,13:00,CENTRAL,"ARREST, BOOKED",1200.0 Block of BROADWAY ST,-122.417170912868,37.7966719477575,"(37.7966719477575, -122.417170912868)"
140827762,LARCENY/THEFT,PETTY THEFT FROM A BUILDING,Tuesday,09/30/2014,19:00,SOUTHERN,NONE,300.0 Block of 6TH ST,-122.404974456762,37.7779436788669,"(37.7779436788669, -122.404974456762)"
140824592,OTHER OFFENSES,TRAFFIC VIOLATION ARREST,Tuesday,09/30/2014,15:18,SOUTHERN,"ARREST, CITED",4TH ST / MISSION ST,-122.404270179486,37.7844788539041,"(37.7844788539041, -122.404270179486)"
140824821,OTHER OFFENSES,"DRIVERS LICENSE, SUSPENDED OR REVOKED",Tuesday,09/30/2014,16:24,BAYVIEW,"ARREST, CITED",INDUSTRIAL ST / LOOMIS ST,-122.405646994567,37.7383221869349,"(37.7383221869349, -122.405646994567)"
146205637,VANDALISM,"MALICIOUS MISCHIEF, VANDALISM OF VEHICLES",Tuesday,09/30/2014,10:00,SOUTHERN,NONE,600.0 Block of 3RD ST,-122.393390455692,37.7793130314459,"(37.7793130314459, -122.393390455692)"
140826037,DRUG/NARCOTIC,POSSESSION OF HEROIN,Tuesday,09/30/2014,23:10,TENDERLOIN,"ARREST, BOOKED",HYDE ST / FULTON ST,-122.415127837608,37.7797870676791,"(37.7797870676791, -122.415127837608)"
140824467,OTHER OFFENSES,LOST/STOLEN LICENSE PLATE,Tuesday,09/30/2014,04:00,NORTHERN,NONE,2300.0 Block of PINE ST,-122.434149376584,37.7877752552578,"(37.7877752552578, -122.434149376584)"
140824194,ASSAULT,ASSAULT,Tuesday,09/30/2014,12:40,SOUTHERN,"ARREST, BOOKED",0.0 Block of 6TH ST,-122.409972787026,37.7818188695151,"(37.7818188695151, -122.409972787026)"
140825982,OTHER OFFENSES,"DRIVERS LICENSE, SUSPENDED OR REVOKED",Tuesday,09/30/2014,23:15,SOUTHERN,"ARREST, CITED",800.0 Block of BRYANT ST,-122.403742962696,37.7752316978411,"(37.7752316978411, -122.403742962696)"
140824495,WARRANTS,WARRANT ARREST,Tuesday,09/30/2014,14:51,INGLESIDE,"ARREST, BOOKED",SAN JOSE AV / COTTER ST,-122.437487410892,37.7302515644437,"(37.7302515644437, -122.437487410892)"
140824194,WARRANTS,WARRANT ARREST,Tuesday,09/30/2014,12:40,SOUTHERN,"ARREST, BOOKED",0.0 Block of 6TH ST,-122.409972787026,37.7818188695151,"(37.7818188695151, -122.409972787026)"
140823657,OTHER OFFENSES,CONSPIRACY,Tuesday,09/30/2014,10:05,INGLESIDE,JUVENILE BOOKED,LIPPARD AV / BOSWORTH ST,-122.435838640322,37.733874419782,"(37.733874419782, -122.435838640322)"
140825829,WARRANTS,WARRANT ARREST,Tuesday,09/30/2014,22:00,MISSION,"ARREST, BOOKED",24TH ST / POTRERO AV,-122.406338412685,37.753004287752,"(37.753004287752, -122.406338412685)"
146202683,LARCENY/THEFT,GRAND THEFT FROM LOCKED AUTO,Tuesday,09/30/2014,19:00,NORTHERN,NONE,ELLIS ST / FRANKLIN ST,-122.422654162984,37.7836201224648,"(37.7836201224648, -122.422654162984)"
140836484,BURGLARY,"BURGLARY,STORE UNDER CONSTRUCTION, FORCIBLE ENTRY",Tuesday,09/30/2014,09:00,SOUTHERN,NONE,100.0 Block of OTIS ST,-122.420160409459,37.7701896373199,"(37.7701896373199, -122.420160409459)"
140826037,FORGERY/COUNTERFEITING,"COUNTERFEITING, POSSESSION COINS OR NOTES",Tuesday,09/30/2014,23:10,TENDERLOIN,"ARREST, BOOKED",HYDE ST / FULTON ST,-122.415127837608,37.7797870676791,"(37.7797870676791, -122.415127837608)"
140827063,NON-CRIMINAL,LOST PROPERTY,Tuesday,09/30/2014,12:45,TARAVAL,NONE,200.0 Block of WINSTON DR,-122.476681699323,37.7269346746393,"(37.7269346746393, -122.476681699323)"
140825556,LARCENY/THEFT,PETTY THEFT SHOPLIFTING,Tuesday,09/30/2014,18:50,TARAVAL,NONE,3000.0 Block of SAN JOSE AV,-122.457584765204,37.709672865124,"(37.709672865124, -122.457584765204)"
140825750,ASSAULT,THREATS AGAINST LIFE,Tuesday,09/30/2014,14:00,SOUTHERN,NONE,300.0 Block of SPEAR ST,-122.390761872712,37.7897438700502,"(37.7897438700502, -122.390761872712)"
146204140,LARCENY/THEFT,GRAND THEFT FROM LOCKED AUTO,Tuesday,09/30/2014,18:00,SOUTHERN,NONE,0.0 Block of STILLMAN ST,-122.394877549073,37.7829810243725,"(37.7829810243725, -122.394877549073)"
140358331,OTHER OFFENSES,"DRIVERS LICENSE, SUSPENDED OR REVOKED",Tuesday,09/30/2014,18:34,INGLESIDE,"ARREST, CITED",ALEMANY BL / OCEAN AV,-122.437438118789,37.7237173830109,"(37.7237173830109, -122.437438118789)"
140824241,LARCENY/THEFT,GRAND THEFT FROM LOCKED AUTO,Tuesday,09/30/2014,12:48,NORTHERN,NONE,900.0 Block of FULTON ST,-122.431857733947,37.7775530773889,"(37.7775530773889, -122.431857733947)"
140825631,ROBBERY,"ROBBERY ON THE STREET, STRONGARM",Tuesday,09/30/2014,20:00,INGLESIDE,NONE,MISSION ST / 30TH ST,-122.421970919029,37.7423752245552,"(37.7423752245552, -122.421970919029)"
146204457,LARCENY/THEFT,GRAND THEFT FROM LOCKED AUTO,Tuesday,09/30/2014,00:01,CENTRAL,NONE,200.0 Block of BAY ST,-122.410993638331,37.8059766208453,"(37.8059766208453, -122.410993638331)"
140823027,OTHER OFFENSES,"DRIVERS LICENSE, SUSPENDED OR REVOKED",Tuesday,09/30/2014,02:15,RICHMOND,"ARREST, CITED",GEARY BL / 12TH AV,-122.470717727261,37.7807223605931,"(37.7807223605931, -122.470717727261)"
140826087,LARCENY/THEFT,GRAND THEFT FROM LOCKED AUTO,Tuesday,09/30/2014,19:00,CENTRAL,NONE,2300.0 Block of STOCKTON ST,-122.410461799535,37.8069823601594,"(37.8069823601594, -122.410461799535)"
140823306,NON-CRIMINAL,"AIDED CASE, MENTAL DISTURBED",Tuesday,09/30/2014,07:40,TENDERLOIN,PSYCHOPATHIC CASE,0.0 Block of POWELL ST,-122.407591651721,37.7844102153489,"(37.7844102153489, -122.407591651721)"
146202633,LARCENY/THEFT,GRAND THEFT FROM LOCKED AUTO,Tuesday,09/30/2014,19:30,SOUTHERN,NONE,11TH ST / HOWARD ST,-122.415564465695,37.7730994820776,"(37.7730994820776, -122.415564465695)"
140825584,OTHER OFFENSES,VIOLATION OF MUNICIPAL POLICE CODE,Tuesday,09/30/2014,18:13,NORTHERN,"ARREST, BOOKED",100.0 Block of HAYES ST,-122.418865458204,37.777295941259,"(37.777295941259, -122.418865458204)"
140876060,LARCENY/THEFT,PETTY THEFT FROM LOCKED AUTO,Tuesday,09/30/2014,16:00,NORTHERN,NONE,ELLIS ST / FRANKLIN ST,-122.422654162984,37.7836201224648,"(37.7836201224648, -122.422654162984)"
140824564,LARCENY/THEFT,PETTY THEFT SHOPLIFTING,Tuesday,09/30/2014,13:15,TENDERLOIN,"ARREST, CITED",0.0 Block of OFARRELL ST,-122.405795379675,37.7867246331993,"(37.7867246331993, -122.405795379675)"
146203487,LARCENY/THEFT,PETTY THEFT OF PROPERTY,Tuesday,09/30/2014,19:40,SOUTHERN,NONE,100.0 Block of 9TH ST,-122.414386569538,37.7760158057239,"(37.7760158057239, -122.414386569538)"
146202649,LARCENY/THEFT,PETTY THEFT OF PROPERTY,Tuesday,09/30/2014,22:30,SOUTHERN,NONE,MARKET ST / 3RD ST,-122.403434086745,37.7876430502097,"(37.7876430502097, -122.403434086745)"
140825766,NON-CRIMINAL,"AIDED CASE, MENTAL DISTURBED",Tuesday,09/30/2014,21:07,SOUTHERN,PSYCHOPATHIC CASE,800.0 Block of BRYANT ST,-122.403742962696,37.7752316978411,"(37.7752316978411, -122.403742962696)"
140825857,LARCENY/THEFT,GRAND THEFT FROM LOCKED AUTO,Tuesday,09/30/2014,20:50,SOUTHERN,NONE,800.0 Block of BRYANT ST,-122.403742962696,37.7752316978411,"(37.7752316978411, -122.403742962696)"
140826112,MISSING PERSON,FOUND PERSON,Tuesday,09/30/2014,14:00,INGLESIDE,LOCATED,200.0 Block of EDINBURGH ST,-122.428857622836,37.7253360178977,"(37.7253360178977, -122.428857622836)"
140830953,LARCENY/THEFT,PETTY THEFT FROM LOCKED AUTO,Tuesday,09/30/2014,06:10,INGLESIDE,NONE,400.0 Block of RAYMOND AV,-122.413050385236,37.7147220459523,"(37.7147220459523, -122.413050385236)"
140825841,NON-CRIMINAL,"AIDED CASE, MENTAL DISTURBED",Tuesday,09/30/2014,22:12,INGLESIDE,PSYCHOPATHIC CASE,3300.0 Block of MISSION ST,-122.421607115588,37.743011479548,"(37.743011479548, -122.421607115588)"
140825330,MISSING PERSON,MISSING ADULT,Tuesday,09/30/2014,17:00,RICHMOND,NONE,1700.0 Block of BAKER ST,-122.443461690538,37.7868819675394,"(37.7868819675394, -122.443461690538)"
140826043,LARCENY/THEFT,GRAND THEFT FROM LOCKED AUTO,Tuesday,09/30/2014,22:00,CENTRAL,NONE,STOCKTON ST / JACKSON ST,-122.408254664048,37.7958223141626,"(37.7958223141626, -122.408254664048)"
146202940,LARCENY/THEFT,PETTY THEFT OF PROPERTY,Tuesday,09/30/2014,21:00,BAYVIEW,NONE,1600.0 Block of MCKINNON AV,-122.389262135816,37.7358371939247,"(37.7358371939247, -122.389262135816)"
140823481,NON-CRIMINAL,"AIDED CASE, MENTAL DISTURBED",Tuesday,09/30/2014,07:45,CENTRAL,PSYCHOPATHIC CASE,600.0 Block of COLUMBUS AV,-122.410644828725,37.8006618773813,"(37.8006618773813, -122.410644828725)"
146204059,LARCENY/THEFT,GRAND THEFT FROM LOCKED AUTO,Tuesday,09/30/2014,16:30,RICHMOND,NONE,JOHNFKENNEDY DR / 30TH AV,-122.489804747862,37.7708917849145,"(37.7708917849145, -122.489804747862)"
140823500,OTHER OFFENSES,TRAFFIC VIOLATION,Tuesday,09/30/2014,09:20,INGLESIDE,JUVENILE CITED,PERSIA AV / PARIS ST,-122.434408490493,37.7223827081755,"(37.7223827081755, -122.434408490493)"
140825528,OTHER OFFENSES,"DRIVERS LICENSE, SUSPENDED OR REVOKED",Tuesday,09/30/2014,19:30,TENDERLOIN,"ARREST, CITED",100.0 Block of HYDE ST,-122.415552708706,37.7816629825769,"(37.7816629825769, -122.415552708706)"
149012126,DRUG/NARCOTIC,POSSESSION OF MARIJUANA,Tuesday,09/30/2014,18:59,TARAVAL,NONE,500.0 Block of BUCKINGHAM WY,-122.478371487132,37.7300878473991,"(37.7300878473991, -122.478371487132)"
140824445,NON-CRIMINAL,AIDED CASE,Tuesday,09/30/2014,12:35,NORTHERN,PSYCHOPATHIC CASE,0.0 Block of CHURCH ST,-122.429181208452,37.7703389803038,"(37.7703389803038, -122.429181208452)"
140824047,BURGLARY,"BURGLARY OF APARTMENT HOUSE, ATT FORCIBLE ENTRY",Tuesday,09/30/2014,11:20,BAYVIEW,"ARREST, BOOKED",300.0 Block of TOCOLOMA AV,-122.39823420609,37.7109441026048,"(37.7109441026048, -122.39823420609)"
140825073,NON-CRIMINAL,AIDED CASE,Tuesday,09/30/2014,17:15,INGLESIDE,NONE,0.0 Block of SGTJOHNVYOUNG LN,-122.446245077058,37.7249337973069,"(37.7249337973069, -122.446245077058)"
140825089,LARCENY/THEFT,PETTY THEFT FROM LOCKED AUTO,Tuesday,09/30/2014,15:45,RICHMOND,NONE,GREAT HY / FULTON ST,-122.511054248258,37.7713387826875,"(37.7713387826875, -122.511054248258)"
140824912,NON-CRIMINAL,"AIDED CASE, MENTAL DISTURBED",Tuesday,09/30/2014,16:01,MISSION,PSYCHOPATHIC CASE,1700.0 Block of HARRISON ST,-122.413349606369,37.7692198887819,"(37.7692198887819, -122.413349606369)"
146203772,LARCENY/THEFT,GRAND THEFT FROM UNLOCKED AUTO,Tuesday,09/30/2014,17:30,INGLESIDE,NONE,100.0 Block of DESMOND ST,-122.405732287326,37.7099151384238,"(37.7099151384238, -122.405732287326)"
140825716,VANDALISM,"MALICIOUS MISCHIEF, VANDALISM",Tuesday,09/30/2014,20:45,BAYVIEW,NONE,1500.0 Block of SHAFTER AV,-122.389910212909,37.730534863177,"(37.730534863177, -122.389910212909)"
146204219,VANDALISM,"MALICIOUS MISCHIEF, VANDALISM OF VEHICLES",Tuesday,09/30/2014,21:15,SOUTHERN,NONE,HARRISON ST / MAIN ST,-122.390321524494,37.7881341874658,"(37.7881341874658, -122.390321524494)"
140823011,ASSAULT,BATTERY,Tuesday,09/30/2014,01:55,PARK,NONE,1100.0 Block of FELL ST,-122.436816181394,37.7742739147845,"(37.7742739147845, -122.436816181394)"
140825829,WARRANTS,ENROUTE TO OUTSIDE JURISDICTION,Tuesday,09/30/2014,22:00,MISSION,"ARREST, BOOKED",24TH ST / POTRERO AV,-122.406338412685,37.753004287752,"(37.753004287752, -122.406338412685)"
140824699,SUSPICIOUS OCC,SUSPICIOUS OCCURRENCE,Tuesday,09/30/2014,12:00,RICHMOND,NONE,200.0 Block of 3RD AV,-122.461280177642,37.7847078961165,"(37.7847078961165, -122.461280177642)"
140876402,FORGERY/COUNTERFEITING,"COUNTERFEITING, PLATES OR DIES",Tuesday,09/30/2014,22:00,SOUTHERN,NONE,3RD ST / MISSION ST,-122.402027706948,37.7862483456926,"(37.7862483456926, -122.402027706948)"
140823049,ASSAULT,AGGRAVATED ASSAULT WITH A DEADLY WEAPON,Tuesday,09/30/2014,01:40,SOUTHERN,NONE,MARKET ST / VANNESS AV,-122.419257894814,37.7751462916836,"(37.7751462916836, -122.419257894814)"
140826667,MISSING PERSON,MISSING ADULT,Tuesday,09/30/2014,15:00,BAYVIEW,LOCATED,300.0 Block of BRIDGEVIEW DR,-122.398845629456,37.7323089114211,"(37.7323089114211, -122.398845629456)"
146204463,LARCENY/THEFT,GRAND THEFT FROM LOCKED AUTO,Tuesday,09/30/2014,20:30,CENTRAL,NONE,300.0 Block of THE EMBARCADERONORTH ST,-122.395911581969,37.7974898667102,"(37.7974898667102, -122.395911581969)"
146202586,LARCENY/THEFT,GRAND THEFT FROM LOCKED AUTO,Tuesday,09/30/2014,12:15,SOUTHERN,NONE,THE EMBARCADEROSOUTH ST / TOWNSEND ST,-122.388306067819,37.7817982352485,"(37.7817982352485, -122.388306067819)"
140828049,OTHER OFFENSES,LOST/STOLEN LICENSE PLATE,Tuesday,09/30/2014,17:00,BAYVIEW,NONE,1400.0 Block of WALLACE AV,-122.387976790924,37.7256577141919,"(37.7256577141919, -122.387976790924)"
140825534,MISSING PERSON,MISSING ADULT,Tuesday,09/30/2014,18:35,PARK,LOCATED,2100.0 Block of GROVE ST,-122.452095969548,37.7740971996774,"(37.7740971996774, -122.452095969548)"
146204441,NON-CRIMINAL,LOST PROPERTY,Tuesday,09/30/2014,20:30,CENTRAL,NONE,VANNESS AV / NORTHPOINT ST,-122.425300930134,37.8050769933545,"(37.8050769933545, -122.425300930134)"
146202514,LARCENY/THEFT,GRAND THEFT FROM LOCKED AUTO,Tuesday,09/30/2014,12:00,PARK,NONE,500.0 Block of TWINPEAKS BL,-122.445190634902,37.7555962928276,"(37.7555962928276, -122.445190634902)"
140824718,VEHICLE THEFT,STOLEN AUTOMOBILE,Tuesday,09/30/2014,02:00,INGLESIDE,NONE,500.0 Block of MADRID ST,-122.43367598375,37.7205349774004,"(37.7205349774004, -122.43367598375)"
140828215,BURGLARY,SAFE BURGLARY,Tuesday,09/30/2014,21:59,CENTRAL,NONE,300.0 Block of GEARY ST,-122.408997622179,37.7872274326299,"(37.7872274326299, -122.408997622179)"
140846499,NON-CRIMINAL,LOST PROPERTY,Tuesday,09/30/2014,10:00,BAYVIEW,NONE,1400.0 Block of KEITH ST,-122.386661869162,37.7324774464382,"(37.7324774464382, -122.386661869162)"
140823099,OTHER OFFENSES,"DRIVERS LICENSE, SUSPENDED OR REVOKED",Tuesday,09/30/2014,09:39,NORTHERN,"ARREST, CITED",TURK ST / WEBSTER ST,-122.430424955334,37.7807160085286,"(37.7807160085286, -122.430424955334)"
140824940,OTHER OFFENSES,TRAFFIC VIOLATION ARREST,Tuesday,09/30/2014,16:50,PARK,"ARREST, CITED",700.0 Block of STANYAN ST,-122.453381111208,37.7685998900061,"(37.7685998900061, -122.453381111208)"
140834585,MISSING PERSON,FOUND PERSON,Tuesday,09/30/2014,07:15,NORTHERN,LOCATED,1600.0 Block of WEBSTER ST,-122.431589444896,37.7857768978213,"(37.7857768978213, -122.431589444896)"
140824542,VEHICLE THEFT,STOLEN AUTOMOBILE,Tuesday,09/30/2014,14:30,CENTRAL,UNFOUNDED,800.0 Block of JONES ST,-122.413598266645,37.7890771341797,"(37.7890771341797, -122.413598266645)"
146203506,LARCENY/THEFT,GRAND THEFT FROM UNLOCKED AUTO,Tuesday,09/30/2014,20:00,SOUTHERN,NONE,FOLSOM ST / 11TH ST,-122.41402726269,37.7718636177451,"(37.7718636177451, -122.41402726269)"
140825926,ASSAULT,BATTERY,Tuesday,09/30/2014,22:35,INGLESIDE,NONE,3200.0 Block of MISSION ST,-122.420747869736,37.7443412779713,"(37.7443412779713, -122.420747869736)"
140827621,ASSAULT,THREATENING PHONE CALL(S),Tuesday,09/30/2014,15:40,MISSION,NONE,0.0 Block of SYCAMORE ST,-122.420536885117,37.7626122408362,"(37.7626122408362, -122.420536885117)"
140825534,MISSING PERSON,FOUND PERSON,Tuesday,09/30/2014,18:35,PARK,LOCATED,2100.0 Block of GROVE ST,-122.452095969548,37.7740971996774,"(37.7740971996774, -122.452095969548)"
146211656,LARCENY/THEFT,GRAND THEFT FROM UNLOCKED AUTO,Tuesday,09/30/2014,13:00,CENTRAL,NONE,1000.0 Block of MASON ST,-122.411170283765,37.7933336063364,"(37.7933336063364, -122.411170283765)"
140823497,OTHER OFFENSES,TRAFFIC VIOLATION ARREST,Tuesday,09/30/2014,09:18,PARK,"ARREST, BOOKED",1800.0 Block of HAIGHT ST,-122.452622752318,37.7693006985471,"(37.7693006985471, -122.452622752318)"
140825772,LARCENY/THEFT,PETTY THEFT FROM LOCKED AUTO,Tuesday,09/30/2014,21:00,TENDERLOIN,NONE,100.0 Block of OFARRELL ST,-122.406775763713,37.7865337577236,"(37.7865337577236, -122.406775763713)"
140824360,WARRANTS,WARRANT ARREST,Tuesday,09/30/2014,13:00,CENTRAL,"ARREST, BOOKED",1200.0 Block of BROADWAY ST,-122.417170912868,37.7966719477575,"(37.7966719477575, -122.417170912868)"
140824291,SUSPICIOUS OCC,SUSPICIOUS OCCURRENCE,Tuesday,09/30/2014,10:15,RICHMOND,NONE,600.0 Block of 6TH AV,-122.463984380275,37.7762801767261,"(37.7762801767261, -122.463984380275)"
140824768,ROBBERY,ROBBERY ON THE STREET WITH A GUN,Tuesday,09/30/2014,00:01,SOUTHERN,NONE,11TH ST / MISSION ST,-122.417104895556,37.7743242868204,"(37.7743242868204, -122.417104895556)"
146203841,VANDALISM,"MALICIOUS MISCHIEF, VANDALISM",Tuesday,09/30/2014,12:05,INGLESIDE,NONE,0.0 Block of SUSSEX ST,-122.432688708311,37.7359567676368,"(37.7359567676368, -122.432688708311)"
140822922,WARRANTS,WARRANT ARREST,Tuesday,09/30/2014,00:09,SOUTHERN,"ARREST, BOOKED",0.0 Block of VERONA PL,-122.448335977322,37.7359321871898,"(37.7359321871898, -122.448335977322)"
146205502,LARCENY/THEFT,PETTY THEFT OF PROPERTY,Tuesday,09/30/2014,22:30,SOUTHERN,NONE,STEVENSON ST / 3RD ST,-122.403030543289,37.7870232709778,"(37.7870232709778, -122.403030543289)"
146202495,LARCENY/THEFT,GRAND THEFT FROM LOCKED AUTO,Tuesday,09/30/2014,09:00,SOUTHERN,NONE,800.0 Block of BRYANT ST,-122.403742962696,37.7752316978411,"(37.7752316978411, -122.403742962696)"
140824003,BURGLARY,"BURGLARY, HOT PROWL, FORCIBLE ENTRY",Tuesday,09/30/2014,09:30,INGLESIDE,NONE,4200.0 Block of FOLSOM ST,-122.413589909051,37.734316746996,"(37.734316746996, -122.413589909051)"
146202417,LARCENY/THEFT,GRAND THEFT FROM LOCKED AUTO,Tuesday,09/30/2014,20:00,NORTHERN,NONE,1300.0 Block of WEBSTER ST,-122.430908286149,37.7828933039479,"(37.7828933039479, -122.430908286149)"
140827609,VANDALISM,"MALICIOUS MISCHIEF, VANDALISM OF VEHICLES",Tuesday,09/30/2014,21:00,INGLESIDE,NONE,1700.0 Block of SUNNYDALE AV,-122.418356102697,37.7123388374342,"(37.7123388374342, -122.418356102697)"
140825584,WARRANTS,ENROUTE TO OUTSIDE JURISDICTION,Tuesday,09/30/2014,18:13,NORTHERN,"ARREST, BOOKED",100.0 Block of HAYES ST,-122.418865458204,37.777295941259,"(37.777295941259, -122.418865458204)"
146183196,LARCENY/THEFT,GRAND THEFT OF PROPERTY,Tuesday,09/30/2014,18:15,CENTRAL,NONE,GEARY ST / POWELL ST,-122.408231026261,37.7873594949856,"(37.7873594949856, -122.408231026261)"
140825891,VANDALISM,"MALICIOUS MISCHIEF, VANDALISM OF VEHICLES",Tuesday,09/30/2014,19:45,NORTHERN,NONE,2200.0 Block of BUSH ST,-122.434057154136,37.7868322238796,"(37.7868322238796, -122.434057154136)"
140824934,MISSING PERSON,FOUND PERSON,Tuesday,09/30/2014,15:12,MISSION,LOCATED,3500.0 Block of CESAR CHAVEZ ST,-122.420886575514,37.7480661948915,"(37.7480661948915, -122.420886575514)"
140825465,NON-CRIMINAL,"AIDED CASE, MENTAL DISTURBED",Tuesday,09/30/2014,18:45,MISSION,NONE,1000.0 Block of POTRERO AV,-122.406656623063,37.7568256145719,"(37.7568256145719, -122.406656623063)"
140822972,OTHER OFFENSES,"DRIVERS LICENSE, SUSPENDED OR REVOKED",Tuesday,09/30/2014,01:10,RICHMOND,"ARREST, CITED",PARKPRESIDIO BL / FULTON ST,-122.471762293486,37.7731370564753,"(37.7731370564753, -122.471762293486)"
140827063,NON-CRIMINAL,FOUND PROPERTY,Tuesday,09/30/2014,12:45,TARAVAL,NONE,200.0 Block of WINSTON DR,-122.476681699323,37.7269346746393,"(37.7269346746393, -122.476681699323)"
140824837,VEHICLE THEFT,STOLEN AND RECOVERED VEHICLE,Tuesday,09/30/2014,15:00,RICHMOND,UNFOUNDED,24TH AV / ANZA ST,-122.483525612612,37.7782138621321,"(37.7782138621321, -122.483525612612)"
140825493,NON-CRIMINAL,"AIDED CASE, MENTAL DISTURBED",Tuesday,09/30/2014,18:44,RICHMOND,PSYCHOPATHIC CASE,300.0 Block of 30TH AV,-122.490280739358,37.7830593436872,"(37.7830593436872, -122.490280739358)"
140824257,NON-CRIMINAL,"AIDED CASE, MENTAL DISTURBED",Tuesday,09/30/2014,12:59,NORTHERN,PSYCHOPATHIC CASE,2100.0 Block of SACRAMENTO ST,-122.428583230174,37.7904127771735,"(37.7904127771735, -122.428583230174)"
140825998,WARRANTS,WARRANT ARREST,Tuesday,09/30/2014,23:00,BAYVIEW,"ARREST, BOOKED",1500.0 Block of BANCROFT AV,-122.392385971753,37.7252398359787,"(37.7252398359787, -122.392385971753)"
140825205,NON-CRIMINAL,TARASOFF REPORT,Tuesday,09/30/2014,16:30,SOUTHERN,NONE,0.0 Block of DORE ST,-122.412996750977,37.7738519786006,"(37.7738519786006, -122.412996750977)"
140823845,OTHER OFFENSES,FAILURE TO REGISTER AS SEX OFFENDER,Tuesday,09/30/2014,10:55,NORTHERN,"ARREST, BOOKED",OCTAVIA ST / IVY ST,-122.424718600389,37.7771394256853,"(37.7771394256853, -122.424718600389)"
140822988,VANDALISM,"MALICIOUS MISCHIEF, BREAKING WINDOWS",Tuesday,09/30/2014,00:47,MISSION,"ARREST, BOOKED",18TH ST / CHURCH ST,-122.428355366652,37.7612577113711,"(37.7612577113711, -122.428355366652)"
140851272,ASSAULT,THREATS AGAINST LIFE,Tuesday,09/30/2014,12:52,NORTHERN,NONE,400.0 Block of WALLER ST,-122.431127057328,37.7710296775013,"(37.7710296775013, -122.431127057328)"
140823061,ASSAULT,AGGRAVATED ASSAULT WITH A GUN,Tuesday,09/30/2014,02:52,TENDERLOIN,NONE,FULTON ST / HYDE ST,-122.415127837608,37.7797870676791,"(37.7797870676791, -122.415127837608)"
140828180,NON-CRIMINAL,FOUND PROPERTY,Tuesday,09/30/2014,18:00,SOUTHERN,NONE,HARRISON ST / 7TH ST,-122.406300138733,37.7755131130233,"(37.7755131130233, -122.406300138733)"
140826009,LARCENY/THEFT,GRAND THEFT FROM LOCKED AUTO,Tuesday,09/30/2014,14:50,SOUTHERN,NONE,100.0 Block of MINNA ST,-122.400247252779,37.7867545991575,"(37.7867545991575, -122.400247252779)"
140828572,OTHER OFFENSES,LOST/STOLEN LICENSE PLATE,Tuesday,09/30/2014,09:00,INGLESIDE,NONE,0.0 Block of BROOKDALE AV,-122.419852940345,37.7120178603238,"(37.7120178603238, -122.419852940345)"
140826021,MISSING PERSON,MISSING ADULT,Tuesday,09/30/2014,23:00,TARAVAL,PSYCHOPATHIC CASE,700.0 Block of NORIEGA ST,-122.471313198442,37.7553611440733,"(37.7553611440733, -122.471313198442)"
140824746,OTHER OFFENSES,MISCELLANEOUS INVESTIGATION,Tuesday,09/30/2014,15:10,MISSION,NONE,2300.0 Block of 16TH ST,-122.409216071434,37.7657158874944,"(37.7657158874944, -122.409216071434)"
140826805,SUSPICIOUS OCC,SUSPICIOUS OCCURRENCE,Tuesday,09/30/2014,20:00,MISSION,NONE,3000.0 Block of 16TH ST,-122.419688512204,37.7650827126316,"(37.7650827126316, -122.419688512204)"
140825051,OTHER OFFENSES,"DRIVERS LICENSE, SUSPENDED OR REVOKED",Tuesday,09/30/2014,17:15,INGLESIDE,"ARREST, CITED",HAHN ST / SUNNYDALE AV,-122.416000227907,37.711915543805,"(37.711915543805, -122.416000227907)"
140823798,WARRANTS,WARRANT ARREST,Tuesday,09/30/2014,11:00,CENTRAL,"ARREST, BOOKED",500.0 Block of GEARY ST,-122.411537983271,37.7869723412596,"(37.7869723412596, -122.411537983271)"
140826827,VEHICLE THEFT,STOLEN AUTOMOBILE,Tuesday,09/30/2014,19:00,NORTHERN,NONE,3100.0 Block of OCTAVIA ST,-122.42934191309,37.8007237396931,"(37.8007237396931, -122.42934191309)"
140824940,OTHER OFFENSES,FALSE EVIDENCE OF VEHICLE REGISTRATION,Tuesday,09/30/2014,16:50,PARK,"ARREST, CITED",700.0 Block of STANYAN ST,-122.453381111208,37.7685998900061,"(37.7685998900061, -122.453381111208)"
146202821,LARCENY/THEFT,GRAND THEFT FROM LOCKED AUTO,Tuesday,09/30/2014,18:30,PARK,NONE,700.0 Block of CLAYTON ST,-122.44836457272,37.7680419706318,"(37.7680419706318, -122.44836457272)"
140824730,ASSAULT,BATTERY,Tuesday,09/30/2014,15:32,MISSION,NONE,3700.0 Block of 18TH ST,-122.42724347366,37.7613739467374,"(37.7613739467374, -122.42724347366)"
146203493,LARCENY/THEFT,GRAND THEFT FROM LOCKED AUTO,Tuesday,09/30/2014,20:00,SOUTHERN,NONE,BRADY ST / MARKET ST,-122.421170831554,37.7736427847263,"(37.7736427847263, -122.421170831554)"
140826651,NON-CRIMINAL,LOST PROPERTY,Tuesday,09/30/2014,19:00,CENTRAL,NONE,400.0 Block of GEARY ST,-122.411422236131,37.786919225426,"(37.786919225426, -122.411422236131)"
140825976,OTHER OFFENSES,POSSESSION OF BURGLARY TOOLS,Tuesday,09/30/2014,23:03,BAYVIEW,"ARREST, BOOKED",1100.0 Block of WISCONSIN ST,-122.398541036314,37.7535541414777,"(37.7535541414777, -122.398541036314)"
140825045,OTHER OFFENSES,"DRIVERS LICENSE, SUSPENDED OR REVOKED",Tuesday,09/30/2014,17:08,NORTHERN,"ARREST, CITED",ELLIS ST / FILLMORE ST,-122.432515381765,37.7823496388495,"(37.7823496388495, -122.432515381765)"
140824893,NON-CRIMINAL,FOUND PROPERTY,Tuesday,09/30/2014,16:00,INGLESIDE,NONE,TERESITA BL / STILLINGS AV,-122.445354136617,37.7345500164567,"(37.7345500164567, -122.445354136617)"
140843354,MISSING PERSON,MISSING ADULT,Tuesday,09/30/2014,00:01,NORTHERN,NONE,600.0 Block of EDDY ST,-122.418706597808,37.7831945685469,"(37.7831945685469, -122.418706597808)"
140851181,"SEX OFFENSES, FORCIBLE",CHILD ABUSE SEXUAL,Tuesday,09/30/2014,18:00,BAYVIEW,NONE,0.0 Block of REDDY ST,-122.395180679317,37.7303344857539,"(37.7303344857539, -122.395180679317)"
140827079,ROBBERY,"ROBBERY, BODILY FORCE",Tuesday,09/30/2014,03:00,INGLESIDE,NONE,BOSWORTH ST / ELK ST,-122.439935255904,37.7348563726952,"(37.7348563726952, -122.439935255904)"
140823964,NON-CRIMINAL,"AIDED CASE, MENTAL DISTURBED",Tuesday,09/30/2014,10:52,TENDERLOIN,PSYCHOPATHIC CASE,100.0 Block of EDDY ST,-122.410046293589,37.7842211207458,"(37.7842211207458, -122.410046293589)"
140825421,DISORDERLY CONDUCT,MAINTAINING A PUBLIC NUISANCE AFTER NOTIFICATION,Tuesday,09/30/2014,18:46,PARK,"ARREST, BOOKED",HAIGHT ST / MASONIC AV,-122.4453467866,37.7702081959469,"(37.7702081959469, -122.4453467866)"
140825700,BURGLARY,"BURGLARY, HOT PROWL, UNLAWFUL ENTRY",Tuesday,09/30/2014,18:00,PARK,NONE,0.0 Block of ASHBURY TR,-122.444362923988,37.7645559896909,"(37.7645559896909, -122.444362923988)"
140828271,WARRANTS,ENROUTE TO OUTSIDE JURISDICTION,Tuesday,09/30/2014,20:00,NORTHERN,"ARREST, BOOKED",1500.0 Block of UNION ST,-122.42488157882,37.7984036709234,"(37.7984036709234, -122.42488157882)"
146202780,VANDALISM,"MALICIOUS MISCHIEF, VANDALISM",Tuesday,09/30/2014,15:30,TARAVAL,NONE,LAKEVIEW AV / CAPITOL AV,-122.459184574545,37.7182291394205,"(37.7182291394205, -122.459184574545)"
140828334,VEHICLE THEFT,STOLEN AUTOMOBILE,Tuesday,09/30/2014,23:30,INGLESIDE,NONE,100.0 Block of TRUMBULL ST,-122.427582329945,37.7307195235343,"(37.7307195235343, -122.427582329945)"
140850616,BURGLARY,"BURGLARY OF FLAT, UNLAWFUL ENTRY",Tuesday,09/30/2014,08:00,TENDERLOIN,NONE,100.0 Block of OFARRELL ST,-122.407892114288,37.7864618628957,"(37.7864618628957, -122.407892114288)"
140823845,WARRANTS,ENROUTE TO PROBATION OFFICER,Tuesday,09/30/2014,10:55,NORTHERN,"ARREST, BOOKED",OCTAVIA ST / IVY ST,-122.424718600389,37.7771394256853,"(37.7771394256853, -122.424718600389)"
146202467,LARCENY/THEFT,GRAND THEFT FROM LOCKED AUTO,Tuesday,09/30/2014,12:00,CENTRAL,NONE,LOMBARD ST / LEAVENWORTH ST,-122.417970141118,37.8022023204005,"(37.8022023204005, -122.417970141118)"
140824774,ROBBERY,"ROBBERY ON THE STREET, STRONGARM",Tuesday,09/30/2014,16:05,CENTRAL,NONE,700.0 Block of BROADWAY ST,-122.40911857799,37.7974527933595,"(37.7974527933595, -122.40911857799)"
146202815,LARCENY/THEFT,GRAND THEFT FROM LOCKED AUTO,Tuesday,09/30/2014,21:00,PARK,NONE,1700.0 Block of HAYES ST,-122.44511305484,37.7739477358407,"(37.7739477358407, -122.44511305484)"
140825960,OTHER OFFENSES,TRAFFIC VIOLATION ARREST,Tuesday,09/30/2014,23:00,MISSION,"ARREST, CITED",19TH ST / FOLSOM ST,-122.414845139206,37.7605000726292,"(37.7605000726292, -122.414845139206)"
140823403,SUSPICIOUS OCC,SUSPICIOUS OCCURRENCE,Tuesday,09/30/2014,07:00,BAYVIEW,NONE,0.0 Block of NORTHRIDGE RD,-122.375327245738,37.7307880256606,"(37.7307880256606, -122.375327245738)"
140825910,DRUG/NARCOTIC,POSSESSION OF NARCOTICS PARAPHERNALIA,Tuesday,09/30/2014,21:40,CENTRAL,"ARREST, BOOKED",400.0 Block of SANSOME ST,-122.401229398744,37.7942415662335,"(37.7942415662335, -122.401229398744)"
140823033,VANDALISM,"MALICIOUS MISCHIEF, VANDALISM OF VEHICLES",Tuesday,09/30/2014,02:10,TARAVAL,NONE,1600.0 Block of 44TH AV,-122.503265373134,37.7551293504548,"(37.7551293504548, -122.503265373134)"
140826021,MISSING PERSON,FOUND PERSON,Tuesday,09/30/2014,23:00,TARAVAL,PSYCHOPATHIC CASE,700.0 Block of NORIEGA ST,-122.471313198442,37.7553611440733,"(37.7553611440733, -122.471313198442)"
140830862,NON-CRIMINAL,LOST PROPERTY,Tuesday,09/30/2014,16:00,CENTRAL,NONE,700.0 Block of JACKSON ST,-122.40752105447,37.7958824531111,"(37.7958824531111, -122.40752105447)"
140822944,OTHER OFFENSES,TRAFFIC VIOLATION,Tuesday,09/30/2014,00:44,MISSION,"ARREST, CITED",20TH ST / MISSION ST,-122.419052694349,37.7586324051858,"(37.7586324051858, -122.419052694349)"
140824702,BURGLARY,"BURGLARY, HOT PROWL, FORCIBLE ENTRY",Tuesday,09/30/2014,15:30,NORTHERN,NONE,1500.0 Block of BAY ST,-122.432530318886,37.8031922797218,"(37.8031922797218, -122.432530318886)"
140833026,ASSAULT,BATTERY,Tuesday,09/30/2014,10:00,MISSION,NONE,1000.0 Block of FLORIDA ST,-122.410303817405,37.7547437827976,"(37.7547437827976, -122.410303817405)"
140825136,ASSAULT,BATTERY,Tuesday,09/30/2014,16:58,NORTHERN,NONE,1200.0 Block of VANNESS AV,-122.421531974887,37.7866302653205,"(37.7866302653205, -122.421531974887)"
140825960,OTHER OFFENSES,TRAFFIC VIOLATION,Tuesday,09/30/2014,23:00,MISSION,"ARREST, CITED",19TH ST / FOLSOM ST,-122.414845139206,37.7605000726292,"(37.7605000726292, -122.414845139206)"
140823663,ROBBERY,"ROBBERY, ARMED WITH A KNIFE",Tuesday,09/30/2014,10:05,BAYVIEW,NONE,WATERVILLE ST / THORNTON AV,-122.402028913597,37.7310243840068,"(37.7310243840068, -122.402028913597)"
140824122,OTHER OFFENSES,"DRIVERS LICENSE, SUSPENDED OR REVOKED",Tuesday,09/30/2014,12:29,SOUTHERN,"ARREST, CITED",MISSION ST / 8TH ST,-122.41316085097,37.7774566612104,"(37.7774566612104, -122.41316085097)"
140823657,ROBBERY,"ROBBERY, ARMED WITH A GUN",Tuesday,09/30/2014,10:05,INGLESIDE,JUVENILE BOOKED,LIPPARD AV / BOSWORTH ST,-122.435838640322,37.733874419782,"(37.733874419782, -122.435838640322)"
140825722,NON-CRIMINAL,"AIDED CASE, MENTAL DISTURBED",Tuesday,09/30/2014,21:00,TARAVAL,NONE,4000.0 Block of MORAGA ST,-122.505741488533,37.7548542092367,"(37.7548542092367, -122.505741488533)"
140825249,NON-CRIMINAL,"AIDED CASE, MENTAL DISTURBED",Tuesday,09/30/2014,17:00,NORTHERN,PSYCHOPATHIC CASE,1500.0 Block of SUTTER ST,-122.425881580664,37.787058630919,"(37.787058630919, -122.425881580664)"
140824962,VANDALISM,"MALICIOUS MISCHIEF, VANDALISM OF VEHICLES",Tuesday,09/30/2014,08:45,NORTHERN,NONE,400.0 Block of GOLDEN GATE AV,-122.417174865546,37.7813315430711,"(37.7813315430711, -122.417174865546)"
140826980,LARCENY/THEFT,GRAND THEFT PICKPOCKET,Tuesday,09/30/2014,12:00,SOUTHERN,NONE,3RD ST / HOWARD ST,-122.400473580152,37.7850290612171,"(37.7850290612171, -122.400473580152)"
140825299,ASSAULT,BATTERY,Tuesday,09/30/2014,11:50,TENDERLOIN,NONE,100.0 Block of MCALLISTER ST,-122.415300047096,37.7807541103101,"(37.7807541103101, -122.415300047096)"
140823942,OTHER OFFENSES,VIOLATION OF MUNICIPAL CODE,Tuesday,09/30/2014,11:28,MISSION,"ARREST, CITED",18TH ST / NOE ST,-122.432795347224,37.761020169738,"(37.761020169738, -122.432795347224)"
140828782,FRAUD,"CREDIT CARD, THEFT BY USE OF",Tuesday,09/30/2014,19:41,PARK,NONE,1500.0 Block of WALLER ST,-122.448743702672,37.7687851883723,"(37.7687851883723, -122.448743702672)"
140825421,DRUNKENNESS,UNDER INFLUENCE OF ALCOHOL IN A PUBLIC PLACE,Tuesday,09/30/2014,18:46,PARK,"ARREST, BOOKED",HAIGHT ST / MASONIC AV,-122.4453467866,37.7702081959469,"(37.7702081959469, -122.4453467866)"
140827427,VEHICLE THEFT,STOLEN TRUCK,Tuesday,09/30/2014,17:30,RICHMOND,NONE,9TH AV / CALIFORNIA ST,-122.467766191127,37.7846668245462,"(37.7846668245462, -122.467766191127)"
140825409,OTHER OFFENSES,"DRIVERS LICENSE, SUSPENDED OR REVOKED",Tuesday,09/30/2014,18:15,BAYVIEW,"ARREST, CITED",OAKDALE AV / TOLAND ST,-122.401556880465,37.7409621320362,"(37.7409621320362, -122.401556880465)"
140847174,ASSAULT,BATTERY,Tuesday,09/30/2014,08:00,TENDERLOIN,NONE,200.0 Block of ELLIS ST,-122.409888012622,37.7852683943737,"(37.7852683943737, -122.409888012622)"
140829865,SUSPICIOUS OCC,SUSPICIOUS OCCURRENCE,Tuesday,09/30/2014,23:00,RICHMOND,NONE,400.0 Block of ANZA ST,-122.450867614004,37.7806527245814,"(37.7806527245814, -122.450867614004)"
140826037,DRUG/NARCOTIC,POSSESSION OF METH-AMPHETAMINE,Tuesday,09/30/2014,23:10,TENDERLOIN,"ARREST, BOOKED",HYDE ST / FULTON ST,-122.415127837608,37.7797870676791,"(37.7797870676791, -122.415127837608)"
140824605,ASSAULT,THREATS AGAINST LIFE,Tuesday,09/30/2014,15:15,INGLESIDE,JUVENILE BOOKED,1000.0 Block of CAYUGA AV,-122.439806982073,37.7220759959151,"(37.7220759959151, -122.439806982073)"
140825681,LARCENY/THEFT,GRAND THEFT FROM LOCKED AUTO,Tuesday,09/30/2014,18:30,RICHMOND,NONE,700.0 Block of CLEMENT ST,-122.466857544616,37.7828695297744,"(37.7828695297744, -122.466857544616)"
140825835,VEHICLE THEFT,STOLEN AUTOMOBILE,Tuesday,09/30/2014,20:00,SOUTHERN,NONE,1600.0 Block of MISSION ST,-122.419608015117,37.7709984571764,"(37.7709984571764, -122.419608015117)"
140824439,VANDALISM,"MALICIOUS MISCHIEF, VANDALISM",Tuesday,09/30/2014,13:54,BAYVIEW,NONE,1400.0 Block of SHAFTER AV,-122.388729274246,37.7299501296198,"(37.7299501296198, -122.388729274246)"
140823970,OTHER OFFENSES,RESISTING ARREST,Tuesday,09/30/2014,11:44,SOUTHERN,JUVENILE CITED,800.0 Block of BRYANT ST,-122.403742962696,37.7752316978411,"(37.7752316978411, -122.403742962696)"
140827314,VANDALISM,"MALICIOUS MISCHIEF, VANDALISM OF VEHICLES",Tuesday,09/30/2014,20:00,INGLESIDE,NONE,100.0 Block of HARKNESS AV,-122.400921987298,37.717732324201,"(37.717732324201, -122.400921987298)"
140824627,NON-CRIMINAL,FOUND PROPERTY,Tuesday,09/30/2014,08:15,CENTRAL,NONE,1200.0 Block of THE EMBARCADERONORTH ST,-122.402810201027,37.8049804402181,"(37.8049804402181, -122.402810201027)"
140825744,LARCENY/THEFT,PETTY THEFT OF PROPERTY,Tuesday,09/30/2014,16:30,SOUTHERN,NONE,11TH ST / MISSION ST,-122.417104895556,37.7743242868204,"(37.7743242868204, -122.417104895556)"
140825885,LARCENY/THEFT,PETTY THEFT FROM LOCKED AUTO,Tuesday,09/30/2014,17:00,CENTRAL,NONE,300.0 Block of BATTERY ST,-122.400108444834,37.7945998927577,"(37.7945998927577, -122.400108444834)"
140862019,LARCENY/THEFT,PETTY THEFT FROM A BUILDING,Tuesday,09/30/2014,00:01,NORTHERN,NONE,2000.0 Block of SACRAMENTO ST,-122.426702668347,37.7907267850004,"(37.7907267850004, -122.426702668347)"
140824495,OTHER OFFENSES,"DRIVERS LICENSE, SUSPENDED OR REVOKED",Tuesday,09/30/2014,14:51,INGLESIDE,"ARREST, BOOKED",SAN JOSE AV / COTTER ST,-122.437487410892,37.7302515644437,"(37.7302515644437, -122.437487410892)"
140824934,MISSING PERSON,MISSING ADULT,Tuesday,09/30/2014,15:12,MISSION,LOCATED,3500.0 Block of CESAR CHAVEZ ST,-122.420886575514,37.7480661948915,"(37.7480661948915, -122.420886575514)"
140824984,LARCENY/THEFT,PETTY THEFT SHOPLIFTING,Tuesday,09/30/2014,16:30,TENDERLOIN,"ARREST, BOOKED",100.0 Block of OFARRELL ST,-122.407567826112,37.7865024401487,"(37.7865024401487, -122.407567826112)"
140825954,OTHER OFFENSES,TRAFFIC VIOLATION ARREST,Tuesday,09/30/2014,23:07,PARK,"ARREST, BOOKED",400.0 Block of DIVISADERO ST,-122.437512159812,37.7733614274019,"(37.7733614274019, -122.437512159812)"
140823287,VANDALISM,"MALICIOUS MISCHIEF, VANDALISM OF VEHICLES",Tuesday,09/30/2014,08:20,RICHMOND,NONE,GEARY BL / 17TH AV,-122.47616910958,37.7804745331726,"(37.7804745331726, -122.47616910958)"
140823334,NON-CRIMINAL,"AIDED CASE, MENTAL DISTURBED",Tuesday,09/30/2014,07:10,RICHMOND,PSYCHOPATHIC CASE,100.0 Block of 27TH AV,-122.487548386454,37.7873403864267,"(37.7873403864267, -122.487548386454)"
140823992,MISSING PERSON,FOUND PERSON,Tuesday,09/30/2014,10:50,NORTHERN,NONE,1500.0 Block of SUTTER ST,-122.425881580664,37.787058630919,"(37.787058630919, -122.425881580664)"
140825023,BURGLARY,"BURGLARY OF STORE, UNLAWFUL ENTRY",Tuesday,09/30/2014,16:15,PARK,NONE,1900.0 Block of HAYES ST,-122.448043948848,37.773721006218,"(37.773721006218, -122.448043948848)"
140823077,SUSPICIOUS OCC,SUSPICIOUS OCCURRENCE,Tuesday,09/30/2014,03:00,BAYVIEW,NONE,OAKDALE AV / RANKIN ST,-122.397812021225,37.7388469465781,"(37.7388469465781, -122.397812021225)"
140826021,NON-CRIMINAL,"AIDED CASE, MENTAL DISTURBED",Tuesday,09/30/2014,23:00,TARAVAL,PSYCHOPATHIC CASE,700.0 Block of NORIEGA ST,-122.471313198442,37.7553611440733,"(37.7553611440733, -122.471313198442)"
140823566,ROBBERY,ATTEMPTED ROBBERY ON THE STREET WITH BODILY FORCE,Tuesday,09/30/2014,09:36,INGLESIDE,JUVENILE BOOKED,1200.0 Block of ALEMANY BL,-122.43178710793,37.730348486224,"(37.730348486224, -122.43178710793)"
140828475,VEHICLE THEFT,STOLEN AUTOMOBILE,Tuesday,09/30/2014,21:00,NORTHERN,NONE,JACKSON ST / FRANKLIN ST,-122.424698525342,37.7937256193938,"(37.7937256193938, -122.424698525342)"
140824382,NON-CRIMINAL,AIDED CASE,Tuesday,09/30/2014,13:30,TARAVAL,NONE,24TH AV / PACHECO ST,-122.481568782734,37.7502717394066,"(37.7502717394066, -122.481568782734)"
140824984,WARRANTS,WARRANT ARREST,Tuesday,09/30/2014,16:30,TENDERLOIN,"ARREST, BOOKED",100.0 Block of OFARRELL ST,-122.407567826112,37.7865024401487,"(37.7865024401487, -122.407567826112)"
140826968,BURGLARY,"BURGLARY,STORE UNDER CONSTRUCTION, UNLAWFUL ENTRY",Tuesday,09/30/2014,07:00,BAYVIEW,NONE,0.0 Block of APPAREL WY,-122.403352321474,37.7399420924926,"(37.7399420924926, -122.403352321474)"
140824752,OTHER OFFENSES,RESISTING ARREST,Tuesday,09/30/2014,16:14,TENDERLOIN,"ARREST, BOOKED",EDDY ST / MASON ST,-122.409313111431,37.7843478513448,"(37.7843478513448, -122.409313111431)"
146202558,LARCENY/THEFT,GRAND THEFT FROM UNLOCKED AUTO,Tuesday,09/30/2014,00:01,SOUTHERN,NONE,MARKET ST / BRADY ST,-122.421170831554,37.7736427847263,"(37.7736427847263, -122.421170831554)"
140822900,WEAPON LAWS,DISCHARGE FIREARM WITHIN CITY LIMITS,Tuesday,09/30/2014,00:01,NORTHERN,NONE,800.0 Block of FULTON ST,-122.430736136111,37.7777728372009,"(37.7777728372009, -122.430736136111)"
140824978,LARCENY/THEFT,GRAND THEFT FROM A BUILDING,Tuesday,09/30/2014,16:42,CENTRAL,NONE,300.0 Block of BAY ST,-122.412803931164,37.8057526776928,"(37.8057526776928, -122.412803931164)"
140826861,LARCENY/THEFT,PETTY THEFT OF PROPERTY,Tuesday,09/30/2014,12:41,TENDERLOIN,NONE,100.0 Block of EDDY ST,-122.409762207309,37.7844022387628,"(37.7844022387628, -122.409762207309)"
140826758,VEHICLE THEFT,STOLEN AUTOMOBILE,Tuesday,09/30/2014,18:30,NORTHERN,NONE,1600.0 Block of OCTAVIA ST,-122.426685284838,37.7876717169374,"(37.7876717169374, -122.426685284838)"
140824213,OTHER OFFENSES,"DRIVERS LICENSE, SUSPENDED OR REVOKED",Tuesday,09/30/2014,13:03,SOUTHERN,"ARREST, CITED",HARRISON ST / LANGTON ST,-122.406832668042,37.7750924642893,"(37.7750924642893, -122.406832668042)"
140825910,WARRANTS,WARRANT ARREST,Tuesday,09/30/2014,21:40,CENTRAL,"ARREST, BOOKED",400.0 Block of SANSOME ST,-122.401229398744,37.7942415662335,"(37.7942415662335, -122.401229398744)"
146202235,LARCENY/THEFT,GRAND THEFT FROM LOCKED AUTO,Tuesday,09/30/2014,13:30,NORTHERN,NONE,POLK ST / FERN ST,-122.420211964949,37.7882225424559,"(37.7882225424559, -122.420211964949)"
140836860,BURGLARY,"BURGLARY OF APARTMENT HOUSE, UNLAWFUL ENTRY",Tuesday,09/30/2014,17:30,MISSION,NONE,100.0 Block of CASELLI AV,-122.442294897067,37.7597249889429,"(37.7597249889429, -122.442294897067)"
140825807,NON-CRIMINAL,LOST PROPERTY,Tuesday,09/30/2014,15:30,RICHMOND,NONE,MARTIN LUTHER KING JR DR / LINCOLN WY,-122.509399613079,37.7640298301266,"(37.7640298301266, -122.509399613079)"
146204134,LARCENY/THEFT,GRAND THEFT FROM UNLOCKED AUTO,Tuesday,09/30/2014,20:50,SOUTHERN,NONE,0.0 Block of COLINPKELLYJR ST,-122.391302511911,37.7822912223395,"(37.7822912223395, -122.391302511911)"
140824382,OTHER OFFENSES,INTOXICATED JUVENILE,Tuesday,09/30/2014,13:30,TARAVAL,NONE,24TH AV / PACHECO ST,-122.481568782734,37.7502717394066,"(37.7502717394066, -122.481568782734)"
140823942,DRUG/NARCOTIC,POSSESSION OF MARIJUANA,Tuesday,09/30/2014,11:28,MISSION,"ARREST, CITED",18TH ST / NOE ST,-122.432795347224,37.761020169738,"(37.761020169738, -122.432795347224)"
140825647,LARCENY/THEFT,GRAND THEFT FROM LOCKED AUTO,Tuesday,09/30/2014,18:00,TARAVAL,NONE,3200.0 Block of 20TH AV,-122.476011600296,37.7290910125835,"(37.7290910125835, -122.476011600296)"
140897420,VEHICLE THEFT,STOLEN AUTOMOBILE,Tuesday,09/30/2014,17:16,CENTRAL,NONE,700.0 Block of BUSH ST,-122.409634737983,37.7900848734175,"(37.7900848734175, -122.409634737983)"
140828431,NON-CRIMINAL,"DEATH REPORT, CAUSE UNKNOWN",Tuesday,09/30/2014,22:00,RICHMOND,NONE,300.0 Block of ARGUELLO BL,-122.459116138422,37.7842153068854,"(37.7842153068854, -122.459116138422)"
146202928,LARCENY/THEFT,PETTY THEFT OF PROPERTY,Tuesday,09/30/2014,01:00,BAYVIEW,NONE,400.0 Block of KANSAS ST,-122.40333317927,37.7640803537831,"(37.7640803537831, -122.40333317927)"
140824724,NON-CRIMINAL,"AIDED CASE, MENTAL DISTURBED",Tuesday,09/30/2014,15:32,SOUTHERN,PSYCHOPATHIC CASE,900.0 Block of HOWARD ST,-122.406958667771,37.7799467320314,"(37.7799467320314, -122.406958667771)"
140830709,ASSAULT,THREATS AGAINST LIFE,Tuesday,09/30/2014,10:28,TARAVAL,"ARREST, BOOKED",800.0 Block of ORTEGA ST,-122.472616510543,37.7524326935046,"(37.7524326935046, -122.472616510543)"
140823077,NON-CRIMINAL,FIRE REPORT,Tuesday,09/30/2014,03:00,BAYVIEW,NONE,OAKDALE AV / RANKIN ST,-122.397812021225,37.7388469465781,"(37.7388469465781, -122.397812021225)"
140827671,ROBBERY,"ROBBERY, ARMED WITH A KNIFE",Tuesday,09/30/2014,21:00,MISSION,NONE,25TH ST / HARRISON ST,-122.411747062829,37.7510350321901,"(37.7510350321901, -122.411747062829)"
140846778,LARCENY/THEFT,PETTY THEFT BICYCLE,Tuesday,09/30/2014,23:00,TARAVAL,NONE,1200.0 Block of VICENTE ST,-122.479825205251,37.7390191231907,"(37.7390191231907, -122.479825205251)"
140824928,LARCENY/THEFT,GRAND THEFT FROM LOCKED AUTO,Tuesday,09/30/2014,13:00,CENTRAL,NONE,NORTHPOINT ST / JONES ST,-122.417081753218,37.8061420854159,"(37.8061420854159, -122.417081753218)"
140823447,ASSAULT,BATTERY,Tuesday,09/30/2014,08:45,CENTRAL,NONE,300.0 Block of BAY ST,-122.412803931164,37.8057526776928,"(37.8057526776928, -122.412803931164)"
140825471,NON-CRIMINAL,FOUND PROPERTY,Tuesday,09/30/2014,19:13,MISSION,NONE,600.0 Block of VALENCIA ST,-122.421737705281,37.7629080944919,"(37.7629080944919, -122.421737705281)"
140823265,OTHER OFFENSES,"DRIVERS LICENSE, SUSPENDED OR REVOKED",Tuesday,09/30/2014,08:24,MISSION,"ARREST, CITED",VALENCIA ST / 23RD ST,-122.420814360139,37.753703192164,"(37.753703192164, -122.420814360139)"
140823243,OTHER OFFENSES,TRAFFIC VIOLATION,Tuesday,09/30/2014,08:17,MISSION,"ARREST, CITED",25TH ST / HAMPSHIRE ST,-122.407142537884,37.7513101629208,"(37.7513101629208, -122.407142537884)"
140823340,WARRANTS,ENROUTE TO OUTSIDE JURISDICTION,Tuesday,09/30/2014,07:57,INGLESIDE,"ARREST, BOOKED",MISSION ST / 30TH ST,-122.421970919029,37.7423752245552,"(37.7423752245552, -122.421970919029)"
140826059,LARCENY/THEFT,GRAND THEFT FROM LOCKED AUTO,Tuesday,09/30/2014,22:00,CENTRAL,NONE,BEACH ST / POLK ST,-122.42384881373,37.8062214270208,"(37.8062214270208, -122.42384881373)"
140824859,DRUG/NARCOTIC,POSSESSION OF BASE/ROCK COCAINE FOR SALE,Tuesday,09/30/2014,16:30,SOUTHERN,"ARREST, BOOKED",900.0 Block of MARKET ST,-122.408970177724,37.7833220860719,"(37.7833220860719, -122.408970177724)"
140824752,DRUG/NARCOTIC,POSSESSION OF NARCOTICS PARAPHERNALIA,Tuesday,09/30/2014,16:14,TENDERLOIN,"ARREST, BOOKED",EDDY ST / MASON ST,-122.409313111431,37.7843478513448,"(37.7843478513448, -122.409313111431)"
140828425,OTHER OFFENSES,INDECENT EXPOSURE,Tuesday,09/30/2014,20:45,MISSION,NONE,19TH ST / CHURCH ST,-122.428203997155,37.7596916918607,"(37.7596916918607, -122.428203997155)"
146204617,LARCENY/THEFT,GRAND THEFT FROM LOCKED AUTO,Tuesday,09/30/2014,16:05,CENTRAL,NONE,JONES ST / SUTTER ST,-122.4135447894,37.7885973839924,"(37.7885973839924, -122.4135447894)"
140823061,ROBBERY,ATTEMPTED ROBBERY WITH A GUN,Tuesday,09/30/2014,02:52,TENDERLOIN,NONE,FULTON ST / HYDE ST,-122.415127837608,37.7797870676791,"(37.7797870676791, -122.415127837608)"
146202382,VANDALISM,"MALICIOUS MISCHIEF, VANDALISM",Tuesday,09/30/2014,00:01,TARAVAL,NONE,LAWTON ST / 8TH AV,-122.464851541986,37.7584903489308,"(37.7584903489308, -122.464851541986)"
140826849,ASSAULT,BATTERY,Tuesday,09/30/2014,10:11,TARAVAL,NONE,100.0 Block of APTOS AV,-122.466263433574,37.7302147819889,"(37.7302147819889, -122.466263433574)"
140823118,OTHER OFFENSES,"DRIVERS LICENSE, SUSPENDED OR REVOKED",Tuesday,09/30/2014,06:30,BAYVIEW,"ARREST, CITED",3RD ST / REVERE AV,-122.391522893042,37.7324323864767,"(37.7324323864767, -122.391522893042)"
140831161,ROBBERY,"ROBBERY, ARMED WITH A GUN",Tuesday,09/30/2014,21:25,INGLESIDE,NONE,SANTOS ST / VELASCO AV,-122.419348416119,37.7099491573421,"(37.7099491573421, -122.419348416119)"
140825540,MISSING PERSON,FOUND PERSON,Tuesday,09/30/2014,15:00,PARK,LOCATED,2100.0 Block of GROVE ST,-122.452095969548,37.7740971996774,"(37.7740971996774, -122.452095969548)"
140823801,WARRANTS,WARRANT ARREST,Tuesday,09/30/2014,10:48,BAYVIEW,"ARREST, BOOKED",1500.0 Block of OAKDALE AV,-122.389567847887,37.7341137065304,"(37.7341137065304, -122.389567847887)"
140823469,SUSPICIOUS OCC,SUSPICIOUS OCCURRENCE,Tuesday,09/30/2014,08:45,TENDERLOIN,NONE,TURK ST / LEAVENWORTH ST,-122.414056291891,37.7827931071303,"(37.7827931071303, -122.414056291891)"
146202934,LARCENY/THEFT,GRAND THEFT FROM LOCKED AUTO,Tuesday,09/30/2014,21:00,BAYVIEW,NONE,1400.0 Block of 17TH ST,-122.398074101734,37.7649421655566,"(37.7649421655566, -122.398074101734)"
140846552,SUSPICIOUS OCC,SUSPICIOUS ACT TOWARDS FEMALE,Tuesday,09/30/2014,17:00,SOUTHERN,NONE,800.0 Block of BRYANT ST,-122.403742962696,37.7752316978411,"(37.7752316978411, -122.403742962696)"
140824229,NON-CRIMINAL,AIDED CASE,Tuesday,09/30/2014,12:00,SOUTHERN,NONE,7TH ST / TOWNSEND ST,-122.401658145147,37.7718165836136,"(37.7718165836136, -122.401658145147)"
146202796,LARCENY/THEFT,GRAND THEFT FROM LOCKED AUTO,Tuesday,09/30/2014,20:00,NORTHERN,NONE,1300.0 Block of WEBSTER ST,-122.43094666653,37.7830785803166,"(37.7830785803166, -122.43094666653)"
146202172,LARCENY/THEFT,GRAND THEFT FROM UNLOCKED AUTO,Tuesday,09/30/2014,01:00,NORTHERN,NONE,1400.0 Block of WEBSTER ST,-122.431224151729,37.78444178398,"(37.78444178398, -122.431224151729)"
140827524,VEHICLE THEFT,STOLEN TRUCK,Tuesday,09/30/2014,23:45,NORTHERN,NONE,CERVANTES BL / AVILA ST,-122.440820953867,37.8049242393945,"(37.8049242393945, -122.440820953867)"
140824815,LARCENY/THEFT,PETTY THEFT FROM UNLOCKED AUTO,Tuesday,09/30/2014,12:30,TARAVAL,NONE,3700.0 Block of NORIEGA ST,-122.503276536192,37.7530216208856,"(37.7530216208856, -122.503276536192)"
140823124,ROBBERY,ROBBERY ON THE STREET WITH A GUN,Tuesday,09/30/2014,05:50,TARAVAL,NONE,0.0 Block of GENEVA AV,-122.452317735146,37.7230346346336,"(37.7230346346336, -122.452317735146)"
140826059,FRAUD,"CREDIT CARD, THEFT BY USE OF",Tuesday,09/30/2014,22:00,CENTRAL,NONE,BEACH ST / POLK ST,-122.42384881373,37.8062214270208,"(37.8062214270208, -122.42384881373)"
140824263,OTHER OFFENSES,TRAFFIC VIOLATION,Tuesday,09/30/2014,13:26,BAYVIEW,"ARREST, CITED",BAY SHORE BL / CORTLAND AV,-122.406979507963,37.7395669609406,"(37.7395669609406, -122.406979507963)"
146202241,LARCENY/THEFT,GRAND THEFT FROM UNLOCKED AUTO,Tuesday,09/30/2014,13:30,NORTHERN,NONE,CHESTNUT ST / PIERCE ST,-122.439504944797,37.800402493391,"(37.800402493391, -122.439504944797)"
140825540,MISSING PERSON,MISSING ADULT,Tuesday,09/30/2014,15:00,PARK,LOCATED,2100.0 Block of GROVE ST,-122.452095969548,37.7740971996774,"(37.7740971996774, -122.452095969548)"
146202360,VANDALISM,"MALICIOUS MISCHIEF, VANDALISM",Tuesday,09/30/2014,00:01,RICHMOND,NONE,300.0 Block of CLEMENT ST,-122.462377621488,37.782997982307,"(37.782997982307, -122.462377621488)"
140821805,NON-CRIMINAL,AIDED CASE,Monday,09/29/2014,17:05,RICHMOND,NONE,300.0 Block of SPRUCE ST,-122.453556716007,37.7878604325156,"(37.7878604325156, -122.453556716007)"
